<application>
  <component name="EditorSettings">
    <option name="USE_SOFT_WRAPS" value="CONSOLE" />
    <option name="IS_ENSURE_NEWLINE_AT_EOF" value="true" />
  </component>
  <component name="InspectionProfileManager">
    <info color="2334be">
      <option name="BACKGROUND" value="52503a" />
      <option name="ERROR_STRIPE_COLOR" value="2334be" />
      <option name="myName" value="Java8" />
      <option name="myVal" value="50" />
      <option name="myExternalName" value="Java8" />
      <option name="myDefaultAttributes">
        <option name="ERROR_STRIPE_COLOR" value="2334be" />
      </option>
    </info>
  </component>
</application>