<application>
  <component name="FileTypeManager" version="17">
    <extensionMap>
      <mapping ext="tpe" type="DBN-PSQL" />
      <mapping ext="tps" type="DBN-PSQL" />
      <mapping ext="trg" type="DBN-PSQL" />
      <mapping ext="pks" type="DBN-PSQL" />
      <mapping ext="prc" type="DBN-PSQL" />
      <mapping ext="fnc" type="DBN-PSQL" />
      <mapping ext="tpb" type="DBN-PSQL" />
      <mapping ext="pkg" type="DBN-PSQL" />
      <mapping ext="pkb" type="DBN-PSQL" />
      <mapping ext="vw" type="DBN-SQL" />
      <mapping pattern="*.1__remove_unique_constraint_on_gear.sql" type="PLAIN_TEXT" />
      <mapping pattern="test" type="PLAIN_TEXT" />
      <mapping pattern="V1.1__remove_unique_constraint_on_gear_table.sql" type="PLAIN_TEXT" />
      <mapping ext="exec" type="PLAIN_TEXT" />
    </extensionMap>
  </component>
</application>