<application>
  <component name="ProjectManager">
    <defaultProject>
      <component name="DefaultGradleProjectSettings">
        <option name="isMigrated" value="true" />
      </component>
      <component name="GradleLocalSettings">
        <option name="projectSyncType">
          <map>
            <entry key="$USER_HOME$/Desktop/Work/master/master_dashboard-master" value="PREVIEW" />
            <entry key="$USER_HOME$/Documents/GitHub/mmo-azure-keyvault" value="PREVIEW" />
            <entry key="$USER_HOME$/Documents/GitHub/mmo-sds-commons" value="PREVIEW" />
            <entry key="$USER_HOME$/Documents/GitHub/mmo-sds-fa-service" value="PREVIEW" />
            <entry key="$USER_HOME$/Documents/GitHub/mmo-sds-fa-submission-service" value="PREVIEW" />
            <entry key="$USER_HOME$/Documents/GitHub/mmo-sds-flux-fa-validation-service" value="PREVIEW" />
            <entry key="$USER_HOME$/Documents/GitHub/mmo-sds-security" value="PREVIEW" />
            <entry key="$USER_HOME$/Documents/GitHub/mmo-sds-user-service" value="PREVIEW" />
            <entry key="$USER_HOME$/Documents/GitHub/spring-boot-template" value="PREVIEW" />
            <entry key="$USER_HOME$/projects/mmo/common" value="PREVIEW" />
            <entry key="$USER_HOME$/projects/mmo/consumer" value="PREVIEW" />
            <entry key="$USER_HOME$/projects/mmo/consumerold" value="PREVIEW" />
            <entry key="$USER_HOME$/projects/mmo/core/mmo-azure" value="PREVIEW" />
            <entry key="$USER_HOME$/projects/mmo/core/mmo-azure-b2c" value="PREVIEW" />
            <entry key="$USER_HOME$/projects/mmo/core/mmo-azure-graph" value="PREVIEW" />
            <entry key="$USER_HOME$/projects/mmo/core/mmo-azure-servicebus" value="PREVIEW" />
            <entry key="$USER_HOME$/projects/mmo/core/mmo-azure-storage" value="PREVIEW" />
            <entry key="$USER_HOME$/projects/mmo/core/mmo-core" value="PREVIEW" />
            <entry key="$USER_HOME$/projects/mmo/core/mmo-dex-core" value="PREVIEW" />
            <entry key="$USER_HOME$/projects/mmo/core/mmo-ers-core" value="PREVIEW" />
            <entry key="$USER_HOME$/projects/mmo/core/mmo-flux-core" value="PREVIEW" />
            <entry key="$USER_HOME$/projects/mmo/core/mmo-http" value="PREVIEW" />
            <entry key="$USER_HOME$/projects/mmo/core/mmo-sds-core" value="PREVIEW" />
            <entry key="$USER_HOME$/projects/mmo/delivery" value="PREVIEW" />
            <entry key="$USER_HOME$/projects/mmo/dex/common" value="PREVIEW" />
            <entry key="$USER_HOME$/projects/mmo/dex/delivery" value="PREVIEW" />
            <entry key="$USER_HOME$/projects/mmo/dex/e2eframework" value="PREVIEW" />
            <entry key="$USER_HOME$/projects/mmo/dex/ersconsumer" value="PREVIEW" />
            <entry key="$USER_HOME$/projects/mmo/dex/erstransformation" value="PREVIEW" />
            <entry key="$USER_HOME$/projects/mmo/dex/fluxconsumer" value="PREVIEW" />
            <entry key="$USER_HOME$/projects/mmo/dex/fluxtransformation" value="PREVIEW" />
            <entry key="$USER_HOME$/projects/mmo/dex/mmo_ers_flux" value="PREVIEW" />
            <entry key="$USER_HOME$/projects/mmo/dex/persistence" value="PREVIEW" />
            <entry key="$USER_HOME$/projects/mmo/dex/playground" value="PREVIEW" />
            <entry key="$USER_HOME$/projects/mmo/dex/validation" value="PREVIEW" />
            <entry key="$USER_HOME$/projects/mmo/dynamic-field-mapping" value="PREVIEW" />
            <entry key="$USER_HOME$/projects/mmo/e2eframework" value="PREVIEW" />
            <entry key="$USER_HOME$/projects/mmo/ers2flux" value="PREVIEW" />
            <entry key="$USER_HOME$/projects/mmo/ers2fluxbk" value="PREVIEW" />
            <entry key="$USER_HOME$/projects/mmo/ersconsumer" value="PREVIEW" />
            <entry key="$USER_HOME$/projects/mmo/erstransformation" value="PREVIEW" />
            <entry key="$USER_HOME$/projects/mmo/flux-consumer" value="PREVIEW" />
            <entry key="$USER_HOME$/projects/mmo/fluxconsumer" value="PREVIEW" />
            <entry key="$USER_HOME$/projects/mmo/fluxtransformation" value="PREVIEW" />
            <entry key="$USER_HOME$/projects/mmo/mmo-dex-flux-fa-validation-service" value="PREVIEW" />
            <entry key="$USER_HOME$/projects/mmo/mmo-dex-persistence-service" value="PREVIEW" />
            <entry key="$USER_HOME$/projects/mmo/persistence" value="PREVIEW" />
            <entry key="$USER_HOME$/projects/mmo/playground" value="PREVIEW" />
            <entry key="$USER_HOME$/projects/mmo/sds/fa" value="PREVIEW" />
            <entry key="$USER_HOME$/projects/mmo/sds/gear" value="PREVIEW" />
            <entry key="$USER_HOME$/projects/mmo/sds/mmo-sds-user-service" value="PREVIEW" />
            <entry key="$USER_HOME$/projects/mmo/sds/msgraph" value="PREVIEW" />
            <entry key="$USER_HOME$/projects/mmo/sds/notification" value="PREVIEW" />
            <entry key="$USER_HOME$/projects/mmo/sds/port" value="PREVIEW" />
            <entry key="$USER_HOME$/projects/mmo/sds/species" value="PREVIEW" />
            <entry key="$USER_HOME$/projects/mmo/sds/spring-social-graph" value="PREVIEW" />
            <entry key="$USER_HOME$/projects/mmo/sds/user" value="PREVIEW" />
            <entry key="$USER_HOME$/projects/mmo/sds/vessel" value="PREVIEW" />
            <entry key="$USER_HOME$/projects/mmo/sds/vesselprofile" value="PREVIEW" />
            <entry key="$USER_HOME$/projects/mmo/transformation" value="PREVIEW" />
            <entry key="$USER_HOME$/projects/mmo/validation" value="PREVIEW" />
            <entry key="$USER_HOME$/projects/playground/blob-storage" value="PREVIEW" />
            <entry key="$USER_HOME$/projects/playground/service-bus" value="PREVIEW" />
          </map>
        </option>
      </component>
      <component name="ProjectInspectionProfilesVisibleTreeState">
        <entry key="Project Default">
          <profile-state>
            <expanded-state>
              <State />
              <State>
                <id>Code style issuesJava</id>
              </State>
              <State>
                <id>Declaration redundancyJava</id>
              </State>
              <State>
                <id>Java</id>
              </State>
              <State>
                <id>Java 8Java language level migration aidsJava</id>
              </State>
              <State>
                <id>Java 9Java language level migration aidsJava</id>
              </State>
              <State>
                <id>Java language level migration aidsJava</id>
              </State>
              <State>
                <id>PerformanceJava</id>
              </State>
              <State>
                <id>Probable bugsJava</id>
              </State>
              <State>
                <id>Resource managementJava</id>
              </State>
              <State>
                <id>SQL</id>
              </State>
              <State>
                <id>Serialization issuesJava</id>
              </State>
              <State>
                <id>Spring</id>
              </State>
              <State>
                <id>Spring Cloud StreamSpring</id>
              </State>
              <State>
                <id>Spring DataSpring</id>
              </State>
              <State>
                <id>WebSocket</id>
              </State>
            </expanded-state>
            <selected-state>
              <State>
                <id>Convert2streamapi</id>
              </State>
            </selected-state>
          </profile-state>
        </entry>
      </component>
      <component name="PropertiesComponent">
        <property name="nodejs_interpreter_path.stuck_in_default_project" value="undefined stuck path" />
        <property name="nodejs_npm_path_reset_for_default_project" value="true" />
        <property name="settings.editor.selected.configurable" value="Errors" />
      </component>
      <component name="RunDashboard">
        <option name="ruleStates">
          <list>
            <RuleState>
              <option name="name" value="ConfigurationTypeDashboardGroupingRule" />
            </RuleState>
            <RuleState>
              <option name="name" value="StatusDashboardGroupingRule" />
            </RuleState>
          </list>
        </option>
      </component>
      <component name="masterDetails">
        <states>
          <state key="ProjectJDKs.UI">
            <settings>
              <last-edited>1.8</last-edited>
              <splitter-proportions>
                <option name="proportions">
                  <list>
                    <option value="0.2" />
                  </list>
                </option>
              </splitter-proportions>
            </settings>
          </state>
        </states>
      </component>
    </defaultProject>
  </component>
</application>