<application>
  <component name="SonarLintGlobalSettings">
    <option name="sonarQubeServers">
      <list>
        <SonarQubeServer>
          <option name="hostUrl" value="https://sonarcloud.io" />
          <token>df9bdf9ddf92df9bdfcbdf92dfcbdfcfdfcedf92df9ddf9fdf9bdf9adf9fdf9ddf9fdfc9df9edf9adf98dfcfdfc9df9edf99df98df9edfcfdf92dfcedf93df9edf9ddf99dfc8df92df93df93dfcbdf9f</token>
          <option name="name" value="TransformSonarCloud" />
          <organizationKey>transformuk-mmo</organizationKey>
          <enableNotifications>true</enableNotifications>
        </SonarQubeServer>
      </list>
    </option>
  </component>
</application>